id,naslov,leto,ocena
1000013-12_angry_men,12 Angry Men (Twelve Angry Men),1957,100
1000085-2001_a_space_odyssey,2001: A Space Odyssey,1968,96
1000121-39_steps,The 39 Steps,1935,98
1000355-adventures_of_robin_hood,The Adventures of Robin Hood,1938,100
1000617-aliens,Aliens,1986,98
1000626-all_about_eve,All About Eve,1950,100
1000642-all_quiet_on_the_western_front,All Quiet on the Western Front,1930,98
10006630-life_of_reilly,The Life of Reilly,2007,98
10006849-once_in_a_lifetime,Once in a Lifetime: The Extraordinary Story of the New York Cosmos,2006,82
10008507-deep_water,Deep Water,2006,96
10008785-appaloosa,Appaloosa,2008,77
10009274-priest,Priest,2011,15
10009355-sugar,Sugar,2008,92
10009738-revanche,Revanche,2009,96
10011003-crude,Crude,2009,95
10011016-messenger,The Messenger,2009,90
1001115-apartment,The Apartment,1960,93
10011295-samson_and_delilah,Samson and Delilah,2010,94
1001577-badlands,Badlands,1974,98
1001902-beauty_and_the_beast,Beauty and The Beast (La Belle et la bête),1946,95
1002352-big_sleep,The Big Sleep,1946,96
1002448-birds,The Birds,1963,96
1003033-brazil,Brazil,1985,98
1003318-butch_cassidy_and_the_sundance_kid,Butch Cassidy and the Sundance Kid,1969,89
1003361-cabinet_of_dr_caligari,Das Cabinet des Dr. Caligari. (The Cabinet of Dr. Caligari),1920,100
1003625-carrie,Carrie,1976,93
1003707-casablanca,Casablanca,1942,97
1003757-cat_people,Cat People,1942,93
1004151-christmas_story,A Christmas Story,1983,89
1005371-day_the_earth_stood_still,The Day the Earth Stood Still,1951,94
1005973-diva,Diva,1981,98
1006037-doctor_zhivago,Doctor Zhivago,1965,83
1006234-dracula,Dracula,1931,91
1006299-dressed_to_kill,Dressed to Kill,1980,83
1007602-fly,The Fly,1986,91
1007818-frankenstein,Frankenstein,1931,100
1007931-from_here_to_eternity,From Here to Eternity,1953,92
1008166-general,The General,1927,93
1009113-halloween,Halloween,1978,92
1010678-invasion_of_the_body_snatchers,Invasion of the Body Snatchers,1956,98
1010679-invasion_of_the_body_snatchers,Invasion of the Body Snatchers,1978,94
1010792-its_a_wonderful_life,It's a Wonderful Life,1946,94
1010939-jason_and_the_argonauts,Jason and the Argonauts,1963,93
1011615-king_kong,King Kong,1933,98
1011813-lady_vanishes,The Lady Vanishes,1938,98
1012007-laura,Laura,1944,100
1012515-little_shop_of_horrors,Little Shop of Horrors,1986,90
1012928-m,M,1931,100
1013139-maltese_falcon,The Maltese Falcon,1941,100
1013227-manchurian_candidate,The Manchurian Candidate,1962,98
1013775-metropolis,Metropolis,1927,99
1013970-miracle_on_34th_street,Miracle on 34th Street,1947,96
1014793-near_dark,Near Dark,1987,88
1015052-night_of_the_living_dead,Night of the Living Dead,1968,96
1015517-omen,The Omen,1976,86
1016240-phantom_of_the_opera,Phantom Of The Opera,1925,91
1016513-poltergeist,Poltergeist,1982,88
1017289-rear_window,Rear Window,1954,100
1017293-rebecca,Rebecca,1940,100
1017346-red_shoes,The Red Shoes,1948,96
1017641-risky_business,Risky Business,1983,96
1017776-rocky,Rocky,1976,93
1018639-seven_samurai,Seven Samurai (Shichinin no Samurai),1954,100
1019544-spartacus,Spartacus,1960,96
101_dalmatians,101 Dalmatians,1961,98
1020333-streetcar_named_desire,A Streetcar Named Desire,1951,98
1020662-suspiria,Suspiria,1977,93
1021112-texas_chainsaw_massacre,The Texas Chainsaw Massacre,1974,88
1021244-thing,The Thing,1982,80
1021749-touch_of_evil,Touch of Evil,1958,96
1037024-commitments,The Commitments,1991,88
1041911-unforgiven,Unforgiven,1992,95
1042582-aladdin,Aladdin,1992,94
1045992-much_ado_about_nothing,Much Ado About Nothing,1993,91
1046060-high_noon,High Noon,1952,96
1046129-fugitive,The Fugitive,1993,96
1048445-snow_white_and_the_seven_dwarfs,Snow White and the Seven Dwarfs,1937,98
1058966-red,Three Colors: Red (Trois couleurs: Rouge),1994,100
1059489-wild_bunch,The Wild Bunch,1969,98
1059629-quick_and_the_dead,The Quick and the Dead,1995,56
1065598-babe,Babe,1995,97
1068779-dead_man_walking,Dead Man Walking,1995,95
1068832-sense_and_sensibility,Sense and Sensibility,1995,98
1074022-lone_star,Lone Star,1996,93
1075422-hamlet,Hamlet,1996,95
1078028-hercules,Hercules,1997,83
1079818-anastasia,Anastasia,1997,85
1081497-boxer,The Boxer,1997,80
1083414-parent_trap,The Parent Trap,1998,86
1083436-1083436-out_of_sight,Out of Sight,1998,93
1087935-buena_vista_social_club,Buena Vista Social Club,1999,91
1093641-hurricane,The Hurricane,1999,83
1099622-innocents,The Innocents,1961,96
1109257-others,The Others,2001,83
1111103-texas_rangers,Texas Rangers,2001,2
1122382-spellbound,Spellbound,2002,98
1127407-missing,The Missing,2003,58
1131148-ned_kelly,Ned Kelly,2003,56
1146572-honeymooners,The Honeymooners,2005,13
1155467-glory_road,Glory Road,2006,55
1158179-devil_and_daniel_johnston,The Devil and Daniel Johnston,2006,89
1158528-goal,Goal! The Dream Begins (Goal!: The Impossible Dream),2005,44
1167811-ballets_russes,Ballets Russes,2005,91
1174399-in_the_shadow_of_the_moon,In the Shadow of the Moon,2007,95
1193303-1193303-trumbo,Trumbo,2007,82
1194522-how_to_train_your_dragon,How to Train Your Dragon,2010,98
1195103-happy_go_lucky,Happy-Go-Lucky,2008,93
1195800-my_winnipeg,My Winnipeg,2007,94
1196003-princess_and_the_frog,The Princess and the Frog,2009,84
1196077-cloudy_with_a_chance_of_meatballs,Cloudy With a Chance of Meatballs,2009,87
1197696-fantastic_mr_fox,Fantastic Mr. Fox,2009,92
1197992-perfect_game,The Perfect Game,2010,57
1200743-wrecking_crew,The Wrecking Crew,2015,94
1208128-tyson,Tyson,2009,85
1209767-mary_and_max,Mary and Max,2009,95
1209933-puss_in_boots,Puss in Boots,2011,84
1212694-blind_side,The Blind Side,2009,66
1213205-prophet,A Prophet (Un prophete),2010,97
1214097-despicable_me,Despicable Me,2010,81
1216014-still_walking,Aruitemo Aruitemo (Still Walking),2008,100
12_years_a_slave,12 Years a Slave,2013,96
13_assassins_2011,13 Assassins,2011,96
15_minutes,15 Minutes,2001,33
20000_days_on_earth,"20,000 Days on Earth",2014,95
20_feet_from_stardom,20 Feet From Stardom,2013,99
28_days_later,28 Days Later,2003,87
310_to_yuma,3:10 to Yuma,2007,89
35_shots_of_rum,35 Rhums (35 Shots of Rum),2008,97
381422018,Three Colors: Blue (Trois Couleurs: Bleu),1993,100
400_blows,The 400 Blows (Les Quatre cents coups),1959,100
49_up,49 Up,2006,95
5050_2011,50/50,2011,94
56_up,56 Up,2013,98
71_2015,'71,2015,96
771363914,The Square,2013,100
8-12,8 1/2,1963,98
9400,Forbidden Planet,1956,98
a_band_called_death_2013,A Band Called Death,2013,94
a_cat_in_paris,A Cat in Paris,2012,82
a_field_in_england,A Field in England,2014,87
a_girl_walks_home_alone_at_night,A Girl Walks Home Alone at Night,2014,95
a_hijacking,A Hijacking,2013,95
a_million_ways_to_die_in_the_west,A Million Ways to Die in the West,2014,33
a_separation_2011,A Separation,2011,99
a_tale_of_two_sisters,A Tale of Two Sisters,2003,85
about_a_boy,About a Boy,2002,94
about_elly,About Elly,2015,98
abre_los_ojos,Abre los Ojos,1999,85
afghan_star,Afghan Star,2009,100
aguirre_the_wrath_of_god,"Aguirre, der Zorn Gottes (Aguirre, the Wrath of God)",1972,98
ai_weiwei_never_sorry_2012,Ai Weiwei: Never Sorry,2012,97
airplane,Airplane!,1980,97
ajami,Ajami,2010,97
akeelah_and_the_bee,Akeelah and the Bee,2006,84
akira,Akira,2001,87
alamo,The Alamo,2004,29
alien,Alien,1979,97
alien_saga_2003,Alien Saga,2003,94
all_is_lost_2013,All Is Lost,2013,94
altered_states,Altered States,1980,86
amadeus,Amadeus,1984,95
amelie,Amélie,2001,89
american_graffiti,American Graffiti,1973,95
american_in_paris,An American in Paris,1951,95
american_movie,American Movie,1999,94
american_outlaws,American Outlaws,2001,14
american_splendor,American Splendor,2003,94
american_werewolf_in_london,An American Werewolf in London,1981,89
amour_2013,Amour,2012,93
amy_2015,Amy,2015,96
an_education,An Education,2009,94
anatomy-of-a-murder,Anatomy of a Murder,1959,100
animal_kingdom,Animal Kingdom,2010,95
annie_hall,Annie Hall,1977,98
anomalisa,Anomalisa,2015,96
antz,Antz,1998,96
anvil_the_story_of_anvil,Anvil! The Story of Anvil,2009,98
apocalypse_now,Apocalypse Now,1979,97
apollo_13,Apollo 13,1995,95
argo_2012,Argo,2012,96
army-of-shadows-1969,L'Armée des ombres (Army in the Shadows),1969,97
arthur_christmas,Arthur Christmas,2011,92
assassination_of_jesse_james_by_the_coward_robert_ford,The Assassination of Jesse James by the Coward Robert Ford,2007,76
back_to_the_future,Back to the Future,1985,96
bambi,Bambi,1942,91
bamboozled,Bamboozled,2000,48
band_of_outsiders,Bande à part (Band of Outsiders),1964,95
barry_lyndon,Barry Lyndon,1975,96
battle_of_algiers,La Battaglia di Algeri (The Battle of Algiers),1967,99
battleship_potemkin,Battleship Potemkin,1925,100
bears_2014,Bears,2014,89
beatles_a_hard_days_night,A Hard Day's Night,1964,99
beatles_the_yellow_submarine,Yellow Submarine,1968,96
beats_rhymes_and_life_the_travels_of_a_tribe_called_quest,Beats Rhymes & Life: The Travels of a Tribe Called Quest,2011,90
beauty_and_the_beast_1991,Beauty and the Beast,2012,93
because_of_winndixie,Because of Winn-Dixie,2005,54
beerfest,Beerfest,2006,41
before_midnight_2013,Before Midnight,2013,98
before_sunrise,Before Sunrise,1995,100
before_sunset,Before Sunset,2004,95
behind_the_candelabra,Behind the Candelabra,2013,95
being_elmo_a_puppeteers_journey,Being Elmo: A Puppeteer's Journey,2011,95
being_john_malkovich,Being John Malkovich,1999,93
being_there,Being There,1979,96
benhur,Ben-Hur,1959,88
berberian_sound_studio_2012,Berberian Sound Studio,2013,84
best_of_youth,The Best of Youth (La meglio gioventù),2003,95
best_worst_movie,Best Worst Movie,2010,95
best_years_of_our_lives,The Best Years of Our Lives,1946,98
beware_of_mr_baker,Beware Of Mr. Baker,2012,98
beyond_the_mat,Beyond the Mat,1999,82
big,Big,1988,97
big_hero_6,Big Hero 6,2014,89
big_night,Big Night,1996,96
bigger_stronger_faster_asterisk,"Bigger, Stronger, Faster*",2008,96
bill_cunningham_new_york_2010,Bill Cunningham New York,2011,99
billy_elliot,Billy Elliot,2000,85
birdman_2014,Birdman,2014,92
blackfish_2013,Blackfish,2013,98
blackthorn,Blackthorn,2011,75
blade_runner,Blade Runner,1982,89
blair_witch_project,The Blair Witch Project,1999,86
blazing_saddles,Blazing Saddles,1974,90
blindsight,Blindsight,2006,98
block_party,Dave Chappelle's Block Party,2006,92
blood_simple,Blood Simple,1984,94
blue_ruin,Blue Ruin,2014,96
blue_velvet,Blue Velvet,1986,93
bolt,Bolt,2008,89
bone_tomahawk,Bone Tomahawk,2015,88
born_into_brothels,Born Into Brothels,2004,96
born_to_be_wild_2011,Born To Be Wild,2011,98
bourne_ultimatum,The Bourne Ultimatum,2007,93
bowling_for_columbine,Bowling for Columbine,2002,96
boxing_gym,Boxing Gym,2010,93
boyhood,Boyhood,2014,98
brave_2012,Brave,2012,78
breathless,Breathless,1961,97
bride_of_frankenstein,The Bride of Frankenstein,1935,100
bridge_of_spies,Bridge of Spies,2015,91
bridge_on_the_river_kwai,The Bridge on the River Kwai,1957,94
bridge_to_terabithia,Bridge to Terabithia,2007,85
bringing_up_baby,Bringing Up Baby,1938,95
broadcast_news,Broadcast News,1987,98
brokeback_mountain,Brokeback Mountain,2005,87
brooklyn,Brooklyn,2015,98
brooklyn_castle_2012,Brooklyn Castle,2012,96
bugs_life,A Bug's Life,1998,92
bull_durham,Bull Durham,1988,97
bullets_over_broadway,Bullets Over Broadway,1994,96
burma-vj,Burma VJ: Reporter i et Lukket Land (Burma VJ: Reporting from a Closed Country),2008,97
bus_174,Bus 174 (Ônibus 174),2003,99
caesar_must_die_2012,Caesar Must Die,2013,91
call_me_kuchu_2011,Call Me Kuchu,2013,98
captain_america_the_winter_soldier_2014,Captain America: The Winter Soldier,2014,89
capturing_the_friedmans,Capturing the Friedmans,2003,97
caramel,Caramel,2008,92
carlos_2010,Carlos,2010,94
carol,Carol,2015,94
casino_royale,Casino Royale,2006,95
catch_me_if_you_can,Catch Me If You Can,2002,96
cave_of_forgotten_dreams,Cave of Forgotten Dreams,2011,96
chariots_of_fire,Chariots of Fire,1981,83
charlie_and_the_chocolate_factory,Charlie and the Chocolate Factory,2005,83
charlottes_web,Charlotte's Web,2006,78
chasing_ice_2012,Chasing Ice,2012,96
chavez_inside_the_coup,Chavez: Inside the Coup,2003,98
chicago,Chicago,2002,86
chicken_run,Chicken Run,2000,97
chico_and_rita,Chico & Rita,2012,86
children_of_men,Children of Men,2006,92
chinatown,Chinatown,1974,98
chronicle,Chronicle,2012,85
cinema_paradiso,Cinema Paradiso (Nuovo Cinema Paradiso),1988,90
citizen_kane,Citizen Kane,1941,100
citizenfour,Citizenfour,2014,98
city_lights,City Lights,1931,98
claim,The Claim,2000,62
close_encounters_of_the_third_kind,Close Encounters of the Third Kind,1977,96
contempt,Contempt,1964,94
control,Control,2007,87
control_room,Control Room,2004,96
conversation,The Conversation,1974,98
cool_hand_luke,Cool Hand Luke,1967,100
coraline,Coraline,2009,90
cormans_world_exploits_of_a_hollywood_rebel,Corman's World: Exploits Of A Hollywood Rebel,2011,92
corpse_bride,Tim Burton's Corpse Bride,2005,83
cowboys_and_aliens,Cowboys & Aliens,2011,44
crazy_heart,Crazy Heart,2009,91
cronos,Cronos,1994,89
crouching_tiger_hidden_dragon,"Crouching Tiger, Hidden Dragon",2001,97
croupier,Croupier,2000,98
crumb,Crumb,1995,95
crying_game,The Crying Game,1992,97
cutie_and_the_boxer,Cutie And The Boxer,2013,96
damned_united,The Damned United,2009,93
dances_with_wolves,Dances With Wolves,1990,82
dave,Dave,1993,94
dawn_of_the_planet_of_the_apes,Dawn Of The Planet Of The Apes,2014,90
dead_zone,The Dead Zone,1983,90
deliver_us_from_evil,Deliver Us from Evil,2006,100
deliverance,Deliverance,1972,93
departed,The Departed,2006,91
descent,The Descent,2006,85
devil_came_on_horseback,The Devil Came on Horseback,2007,98
dig,Dig!,2004,90
dirty_harry,Dirty Harry,1971,95
discreet_charm_of_the_bourgeoisie,The Discreet Charm Of The Bourgeoisie (Le Charme Discret de la Bourgeoisie),1972,98
district_9,District 9,2009,90
django_unchained_2012,Django Unchained,2012,88
dogtown_and_zboys,Dogtown and Z-Boys,2001,92
dolce_vita,La Dolce Vita,1960,96
donnie_darko_the_directors_cut,Donnie Darko: The Director's Cut,2004,91
dont_look_now,Don't Look Now,1973,96
double_indemnity,Double Indemnity,1944,96
down_in_the_valley,Down in the Valley,2006,52
dr_no,Dr. No,1962,96
dr_strangelove,Dr. Strangelove Or How I Learned to Stop Worrying and Love the Bomb,1964,99
dracula_pages_from_a_virgins_diary,Dracula: Pages From a Virgin's Diary,2003,87
drag_me_to_hell,Drag Me to Hell,2009,92
drive_2011,Drive,2011,92
du-rififi-chez-les-hommes-rififi,Du Rififi Chez les Hommes (Rififi),1956,94
duck_soup,Duck Soup,1933,93
duma,Duma,2005,93
dust_to_glory,Dust to Glory,2005,60
eat_drink_man_woman,Eat Drink Man Woman (Yin shi nan nu),1994,93
elaine_stritch_shoot_me_2013,Elaine Stritch: Shoot Me,2014,98
elevator_to_the_gallows,Ascenseur pour l'échafaud (Elevator to the Gallows) (Lift to the Scaffold) (Frantic),1958,92
elf,Elf,2003,84
elsker_dig_for_evigt,Elsker Dig For Evigt,2002,96
emperors_new_groove,The Emperor's New Groove,2000,85
empire_strikes_back,Star Wars: Episode V - The Empire Strikes Back,1980,94
enchanted,Enchanted,2007,93
end_of_the_century_the_story_of_the_ramones,End of the Century: The Story of the Ramones,2004,95
enough_said_2013,Enough Said,2013,96
enron_the_smartest_guys_in_the_room,Enron: The Smartest Guys in the Room,2005,97
enter_the_dragon,Enter the Dragon,1973,95
eraserhead,Eraserhead,1977,91
ernest_and_celestine,Ernest & Célestine,2014,97
et_the_extraterrestrial,E.T. The Extra-Terrestrial,1982,98
eternal_sunshine_of_the_spotless_mind,Eternal Sunshine Of The Spotless Mind,2004,93
ever_after_a_cinderella_story,Ever After: A Cinderella Story,1998,91
every_little_step,Every Little Step,2009,92
everyday_sunshine_the_story_of_fishbone_2011,Everyday Sunshine: The Story of Fishbone,2011,100
evil_dead_2_dead_by_dawn,Evil Dead 2: Dead by Dawn,1987,98
ex_machina,Ex Machina,2015,92
exit_through_the_gift_shop,Exit Through The Gift Shop,2010,96
exorcist,The Exorcist,1973,87
exorcist_the_version_youve_never_seen,Exorcist: The Version You've Never Seen,2000,88
eyes_without_a_face_1962,Eyes Without a Face,1962,98
f_for_fake,F for Fake,1974,88
fantasia,Fantasia,1940,96
fantasia_2000,Fantasia 2000,2000,82
fargo,Fargo,1996,94
fed_up_2014,Fed Up,2014,80
fellini_im_a_born_liar,Fellini: I'm a Born Liar,2003,73
festival_express,Festival Express,2003,96
field_of_dreams,Field of Dreams,1989,86
film_unfinished,A Film Unfinished,2010,97
finders_keepers_2015,Finders Keepers,2015,98
finding_nemo,Finding Nemo,2003,99
finding_vivian_maier,Finding Vivian Maier,2014,95
first_descent,First Descent,2005,52
first_position_2011,First Position,2012,93
fistful_of_dollars,A Fistful of Dollars (Per un Pugno di Dollari),1964,98
five_easy_pieces,Five Easy Pieces,1970,86
five_obstructions,The Five Obstructions,2003,88
fly_away_home,Fly Away Home,1996,86
food_inc,"Food, Inc.",2009,96
for_the_bible_tells_me_so,For the Bible Tells Me So,2007,98
four_weddings_and_a_funeral,Four Weddings and a Funeral,1994,95
frankenweenie_2012,Frankenweenie,2012,87
freaks,Freaks,1932,94
freaky_friday,Freaky Friday,2003,88
french_connection,The French Connection,1971,98
from_justin_to_kelly,From Justin To Kelly,2003,10
from_russia_with_love,From Russia With Love,1964,96
from_up_on_poppy_hill,From Up On Poppy Hill,2013,83
frozen_2013,Frozen,2013,89
full_metal_jacket,Full Metal Jacket,1987,95
full_monty,The Full Monty,1997,95
ghostbusters,Ghostbusters,1984,97
ginger_snaps,Ginger Snaps,2001,89
girlfight,Girlfight,2000,87
gloria_2012,Gloria,2014,99
godfather,The Godfather,1972,99
godfather_part_ii,"The Godfather, Part II",1974,97
going_upriver_the_long_war_of_john_kerry,Going Upriver: The Long War of John Kerry,2004,89
gojira,Gojira,1956,93
goldfinger,Goldfinger,1964,96
gone_baby_gone,Gone Baby Gone,2007,94
gone_girl,Gone Girl,2014,88
gone_with_the_wind,Gone With the Wind,1939,94
good_hair,Good Hair,2009,95
good_the_bad_and_the_weird,"The Good, the Bad, and the Weird",2010,84
goodnight_mommy,Goodnight Mommy,2015,83
goon,Goon,2012,82
graduate,The Graduate,1967,89
grapes_of_wrath,The Grapes of Wrath,1940,100
gravity_2013,Gravity,2013,97
grbavica,Grbavica,2007,98
gremlins,Gremlins,1984,85
grindhouse,Grindhouse,2007,83
groundhog_day,Groundhog Day,1993,96
grudge_match_2014,Grudge Match,2013,29
guardians_of_the_galaxy,Guardians of the Galaxy,2014,91
gunnin_for_that_1_spot,Gunnin' for That #1 Spot,2008,76
hairspray,Hairspray,2007,91
hannah_and_her_sisters,Hannah and Her Sisters,1986,93
harry_potter_and_the_chamber_of_secrets,Harry Potter and the Chamber of Secrets,2002,82
harry_potter_and_the_deathly_hallows_part_2_2011,Harry Potter and the Deathly Hallows - Part 2,2011,96
harry_potter_and_the_goblet_of_fire,Harry Potter and the Goblet of Fire,2005,88
harry_potter_and_the_half_blood_prince,Harry Potter and the Half-Blood Prince,2009,83
harry_potter_and_the_prisoner_of_azkaban,Harry Potter and the Prisoner of Azkaban,2004,91
heart_of_a_dog,Heart of a Dog,2015,98
heart_of_gold,Neil Young: Heart of Gold,2006,90
heavenly_creatures,Heavenly Creatures,1994,92
heavens_gate,Heaven's Gate,1980,57
hedwig_and_the_angry_inch,Hedwig and the Angry Inch,2001,92
hellboy,Hellboy,2004,81
henry-portrait-of-a-serial-killer,Henry: Portrait of a Serial Killer,1986,86
her,Her,2013,94
hero,Hero,2004,95
hoop_dreams,Hoop Dreams,1994,98
hoosiers,Hoosiers,1986,88
horse_whisperer,The Horse Whisperer,1998,73
horton-hears-a-who2008,Dr. Seuss' Horton Hears a Who!,2008,79
house_of_the_devil,The House of the Devil,2009,86
how_to_survive_a_plague,How to Survive a Plague,2012,99
how_to_train_your_dragon_2,How to Train Your Dragon 2,2014,91
howls_moving_castle,Howl's Moving Castle,2005,87
hugo,Hugo,2011,94
hurt_locker,The Hurt Locker,2009,98
hustler,The Hustler,1961,98
i_am_2011,I Am,2011,36
i_am_divine,I Am Divine,2013,96
i_am_trying_to_break_your_heart,I Am Trying to Break Your Heart,2002,88
im_still_here_2010,I'm Still Here,2010,53
in_the_line_of_fire,In the Line of Fire,1993,95
in_the_loop,In the Loop,2009,94
inconvenient_truth,An Inconvenient Truth,2006,93
incredibles,The Incredibles,2004,97
inside_deep_throat,Inside Deep Throat,2005,83
inside_job_2010,Inside Job,2010,98
inside_out_2015,Inside Out,2015,98
invictus,Invictus,2009,76
invincible,Invincible,2006,71
iris_2015,Iris,2015,98
iron_giant,The Iron Giant,1999,96
iron_man,Iron Man,2008,94
it_follows,It Follows,2015,97
it_happened_one_night,It Happened One Night,1934,98
jafar_panahis_taxi,Jafar Panahi's Taxi,2015,96
james_and_the_giant_peach,James and the Giant Peach,1996,93
jaws,Jaws,1975,97
jesus_camp,Jesus Camp,2006,87
jiminy_glick_in_lalawood,Jiminy Glick in Lalawood,2005,22
jiro_dreams_of_sushi,Jiro Dreams of Sushi,2012,99
joan-rivers-a-piece-of-work,Joan Rivers: A Piece Of Work,2010,91
jodorowskys_dune,Jodorowsky's Dune,2014,98
joe_strummer_the_future_is_unwritten,Joe Strummer: The Future Is Unwritten,2007,89
jonah_hex,Jonah Hex,2010,12
juno,Juno,2007,94
jurassic_park,Jurassic Park,1993,93
karate_kid,The Karate Kid,1984,90
kid_stays_in_the_picture,The Kid Stays in the Picture,2002,92
killer_of_sheep,Killer of Sheep,2007,97
king_of_kong,The King of Kong: A Fistful of Quarters,2007,97
knocked_up,Knocked Up,2007,90
kung_fu_hustle,Kung Fu Hustle,2005,90
kung_fu_panda,Kung Fu Panda,2008,87
kung_fu_panda_the_kaboom_of_doom,Kung Fu Panda 2,2011,81
kurt_cobain_montage_of_heck_2015,Kurt Cobain: Montage Of Heck,2015,98
la-danse----le-ballet-de-lopera-de-paris,La Danse -- Le Ballet de l'Opera de Paris,2009,88
la_confidential,L.A. Confidential,1997,99
la_grande_illusion,La Grande illusion (Grand Illusion),2012,97
lagaan_once_upon_a_time_in_india,Lagaan: Once Upon a Time in India,2001,95
lannee_derniere_a_marienbad_1961,L'année dernière à Marienbad (Last Year at Marienbad),1961,95
lassie,Lassie,2006,93
last_days_in_vietnam,Last Days in Vietnam,2014,95
last_picture_show,The Last Picture Show,1971,100
last_resort_2001,Last Resort,2001,94
last_train_home-2009,Last Train Home,2010,100
lawrence_of_arabia,Lawrence of Arabia,1962,99
le_cercle_rouge,Le Cercle Rouge,1970,95
le_gout_des_autres_2000,Le goût des autres (The Taste of Others),2000,100
le_havre_2011,Le Havre,2011,99
league_of_their_own,A League of Their Own,1992,77
legends_of_the_fall,Legends of the Fall,1994,56
les-plages-dagnes,Les Plages d'Agnès (The Beaches of Agnes),2008,95
les_parapluies_de_cherbourg,Les Parapluies de Cherbourg,2004,98
let_me_in,Let Me In,2010,88
let_the_fire_burn_2013,Let The Fire Burn,2013,98
let_the_right_one_in,Let the Right One In,2008,98
leviafan,Leviathan,2014,99
life_itself,Life Itself,2014,97
lilo_and_stitch,Lilo & Stitch,2002,86
listen_to_me_marlon,Listen To Me Marlon,2015,96
live_die_repeat_edge_of_tomorrow,Live Die Repeat: Edge of Tomorrow,2014,90
looking_for_eric,Looking for Eric,2010,85
looper,Looper,2012,93
los_angeles_plays_itself,Los Angeles Plays Itself,2003,95
lost_boys_of_sudan,Lost Boys of Sudan,2004,96
lost_in_la_mancha,Lost in La Mancha,2003,94
lost_in_translation,Lost In Translation,2003,95
love_is_strange_2014,Love Is Strange,2014,94
mad_max_2_the_road_warrior_1981,Mad Max 2: The Road Warrior,1981,98
mad_max_fury_road,Mad Max: Fury Road,2015,97
madagascar_3_europes_most_wanted_2012,Madagascar 3: Europe's Most Wanted,2012,79
mafioso_1964,Mafioso,1964,96
man_of_the_year,Man of the Year,2006,21
man_on_wire,Man on Wire,2008,100
man_who_shot_liberty_valance,The Man Who Shot Liberty Valance,1962,93
man_without_a_past,The Man Without a Past,2002,98
manhattan,Manhattan,1979,98
march_of_the_penguins,March of the Penguins,2005,94
maria_full_of_grace,Maria Full of Grace,2004,97
marina_abramovic_the_artist_is_present_2012,Marina Abramovic: The Artist Is Present,2012,95
marley,Marley,2012,95
marvels_the_avengers,Marvel's The Avengers,2012,92
marwencol,Marwencol,2010,98
mary_poppins,Mary Poppins,1964,100
maverick,Maverick,1994,67
mccabe_and_mrs_miller,McCabe & Mrs. Miller,1971,90
mea_maxima_culpa_silence_in_the_house_of_god,Mea Maxima Culpa: Silence In The House Of God,2012,98
mean_streets,Mean Streets,1973,98
meeks_cutoff,Meek's Cutoff,2011,85
men_in_black,Men in Black,1997,92
metallica_some_kind_of_monster,Metallica: Some Kind of Monster,2004,89
metropolis_2002,Metropolis,2002,87
midnight_in_paris,Midnight in Paris,2011,93
midnight_run,Midnight Run,1988,96
millennium-actress,Millennium Actress (Sennen joyû),2001,92
million_dollar_baby,Million Dollar Baby,2004,91
millions,Millions,2005,87
misery,Misery,1990,89
mission_impossible_ghost_protocol,Mission: Impossible Ghost Protocol,2011,93
mission_impossible_rogue_nation,Mission: Impossible Rogue Nation,2015,93
mistaken_for_strangers,Mistaken for Strangers,2014,91
modern_times,Modern Times,1936,100
monsieur_lazhar_2011,Monsieur Lazhar,2012,97
monsoon_wedding,Monsoon Wedding,2002,95
monsters_inc,"Monsters, Inc.",2001,96
monsters_university,Monsters University,2013,78
monty_python_and_the_holy_grail,Monty Python and the Holy Grail,1975,97
monty_pythons_life_of_brian,Monty Python's Life of Brian,1979,96
moolaade,Moolaadé,2004,99
moonrise_kingdom,Moonrise Kingdom,2012,93
moonstruck,Moonstruck,1987,92
more_than_a_game,More Than a Game,2009,71
mountain-patrol-kekexili,Mountain Patrol: Kekexili,2006,98
mr_death_the_rise_and_fall_of_fred_a_leuchter_jr,"Mr. Death: The Rise and Fall of Fred A. Leuchter, Jr.",1999,100
mr_peabody_and_sherman,Mr. Peabody & Sherman,2014,79
mr_turner,Mr. Turner,2014,98
mrs_brown,Mrs. Brown,1997,94
mud_2012,Mud,2013,98
mulan,Mulan,1998,86
muppet_movie,The Muppet Movie,1979,87
murderball,Murderball,2005,98
muscle_shoals_2013,Muscle Shoals,2013,96
my-dog-tulip,My Dog Tulip,2010,91
my_architect,My Architect,2004,93
my_date_with_drew,My Date With Drew,2004,71
my_fair_lady,My Fair Lady,1964,96
my_kid_could_paint_that,My Kid Could Paint That,2007,94
my_neighbor_totoro,My Neighbor Totoro,1988,93
nascar_the_imax_experience,NASCAR: The IMAX Experience,2004,61
nashville,Nashville,1975,93
national_gallery,National Gallery,2014,95
new_york_doll,New York Doll,2005,90
night_of_the_hunter,The Night of the Hunter,1955,98
nightcrawler,Nightcrawler,2014,95
nightmare_before_christmas,The Nightmare Before Christmas,1993,94
nightmare_on_elm_street,A Nightmare on Elm Street,1984,94
no_country_for_old_men,No Country for Old Men,2007,93
no_end_in_sight,No End in Sight,2007,96
no_strings_attached_2011,No Strings Attached,2011,49
north-by-northwest,North by Northwest,1959,100
nosferatu,"Nosferatu, a Symphony of Horror (Nosferatu, eine Symphonie des Grauens) (Nosferatu the Vampire)",1922,97
nosferatu_the_vampyre,Nosferatu: Phantom der Nacht (Nosferatu the Vampyre),1979,94
nostalgia_for_the_light,Nostalgia for the Light,2011,100
not_quite_hollywood,"Not Quite Hollywood: The Wild, Untold Story of Ozploitation!",2008,94
obvious_child,Obvious Child,2014,89
on_the_waterfront,On the Waterfront,1954,98
once,Once,2007,97
once_upon_a_time_in_the_west,Once Upon a Time in the West,1968,98
one_false_move,One False Move,1992,98
one_flew_over_the_cuckoos_nest,One Flew Over the Cuckoo's Nest,1975,95
open_range,Open Range,2003,79
osama,Osama,2004,96
oslo_august_31st,"Oslo, August 31st",2012,98
outfoxed_rupert_murdochs_war_on_journalism,Outfoxed: Rupert Murdoch's War on Journalism,2004,85
overnight,Overnight,2004,78
paddington_2014,Paddington,2015,98
pans_labyrinth,Pan's Labyrinth,2006,95
paprika,Paprika,2006,84
paranormal_activity,Paranormal Activity,2009,83
paranorman,ParaNorman,2012,87
paths_of_glory,Paths of Glory,1957,94
patton,Patton,1970,95
peeping-tom,Peeping Tom,1960,96
peewees_big_adventure,Pee-wee's Big Adventure,1985,88
persepolis,Persepolis,2007,96
philadelphia_story,The Philadelphia Story,1940,100
pina_3d,Pina,2011,95
pinocchio_1940,Pinocchio,1940,100
plagues_and_pleasures_on_the_salton_sea,Plagues & Pleasures on the Salton Sea,2004,96
player,The Player,1992,98
playing_for_keeps_2012,Playing for Keeps,2012,3
playtime,Playtime (Play Time),1967,100
poetry_2010,Poetry,2011,100
pokemon_the_movie_3,Pokemon 3: The Movie,2001,22
pom_wonderful_presents_the_greatest_movie_ever_sold,POM Wonderful Presents: The Greatest Movie Ever Sold,2011,73
ponyo,Ponyo,2009,92
porn_star_the_legend_of_ron_jeremy,Porn Star: The Legend of Ron Jeremy,2001,69
prince_of_egypt,The Prince of Egypt,1998,79
princess_bride,The Princess Bride,1987,97
princess_mononoke_1999,Princess Mononoke,1999,92
project_nim,Project Nim,2011,98
promises,Promises,2002,96
proposition,The Proposition,2005,86
psycho,Psycho,1960,96
queen,The Queen,2006,97
raging_bull,Raging Bull,1980,97
raiders_of_the_lost_ark,Raiders of the Lost Ark,1981,96
raising_victor_vargas,Raising Victor Vargas,2003,96
ran,Ran,1985,95
rango,Rango,2011,87
rashomon,Rashômon (Rashomon) (In the Woods),1951,100
ratatouille,Ratatouille,2007,96
read_my_lips,Read My Lips,2002,97
real_cancun,The Real Cancun,2003,35
reanimator,Re-Animator,1985,94
rebel_without_a_cause,Rebel Without a Cause,1955,96
red_army_2015,Red Army,2015,97
red_hill_2010,Red Hill,2010,78
red_riding_trilogy,Red Riding Trilogy,2010,86
replacements,The Replacements,2000,41
repo_man,Repo Man,1984,98
repulsion,Repulsion,1965,100
restrepo,Restrepo,2010,96
riding_giants,Riding Giants,2004,93
right_stuff,The Right Stuff,1983,98
rivers_and_tides_andy_goldsworthy_working_with_time,Rivers and Tides: Andy Goldsworthy Working With Time,2002,99
roman_holiday,Roman Holiday,1953,98
room_2015,Room,2015,97
room_237_2012,Room 237,2013,94
rosemarys_baby,Rosemary's Baby,1968,99
rugrats_movie,The Rugrats Movie,1998,59
russian_ark,Russian Ark,2002,89
sandlot,The Sandlot,1993,57
saraband,Saraband,2003,92
saturday_night_fever,Saturday Night Fever,1977,88
saving_private_ryan,Saving Private Ryan,1998,92
say_anything,Say Anything...,1989,98
scratch_2002,Scratch,2002,93
scream_2,Scream 2,1997,81
searchers,The Searchers,1956,100
searching_for_sugar_man,Searching for Sugar Man,2012,94
secret_in_their_eyes,The Secret in Their Eyes (El Secreto de Sus Ojos),2010,91
secretariat,Secretariat,2010,64
selma,Selma,2015,99
senna,Senna,2011,92
september_dawn,September Dawn,2007,13
seraphim_falls,Seraphim Falls,2007,55
seres_queridos,Seres queridos,2006,72
seventh_seal,The Seventh Seal (Det Sjunde inseglet),1957,92
sex_lies_and_videotape,"sex, lies, and videotape",1989,98
seymour_an_introduction,Seymour: An Introduction,2015,100
shadow_of_the_vampire,Shadow of the Vampire,2000,81
shakespeare_in_love,Shakespeare in Love,1998,92
shanghai_noon,Shanghai Noon,2000,79
shaun_of_the_dead,Shaun of the Dead,2004,92
shaun_the_sheep_2015,Shaun the Sheep,2015,99
shine,Shine,1996,91
shine_a_light,Shine a Light,2008,87
shining,The Shining,1980,91
short_term_12_2013,Short Term 12,2013,99
show_business,ShowBusiness: The Road to Broadway,2007,88
shrek,Shrek,2001,88
shrek_2,Shrek 2,2004,88
sicario_2015,Sicario,2015,93
sicko,Sicko,2007,91
side_by_side_2012,Side by Side,2012,92
sideways,Sideways,2004,96
silence_of_the_lambs,The Silence of the Lambs,1991,95
silver_linings_playbook,Silver Linings Playbook,2012,92
simpsons_movie,The Simpsons Movie,2007,89
since_otar_left,Since Otar Left,2004,98
singin_in_the_rain,Singin' in the Rain,1952,100
sir_no_sir,Sir! No Sir!,2006,89
skyfall,Skyfall,2012,93
slither,Slither,2006,86
slumdog_millionaire,Slumdog Millionaire,2008,92
snowpiercer,Snowpiercer,2014,95
solaris_1976,Solaris,1976,96
some_like_it_hot,Some Like It Hot,1959,96
song_of_sparrows,Avaze gonjeshk-ha (The Song of Sparrows),2009,98
song_of_the_sea_2014,Song Of The Sea,2014,99
soul_surfer,Soul Surfer,2011,46
sound_city,Sound City,2013,100
sound_of_music,The Sound of Music,1965,85
source_code,Source Code,2011,92
south_park_bigger_longer_and_uncut,"South Park: Bigger, Longer & Uncut",1999,81
spiderman_2,Spider-Man 2,2004,93
spirited_away,Spirited Away,2001,97
spotlight_2015,Spotlight,2015,97
spring_2015,Spring,2015,89
spy_2015,Spy,2015,93
spy_kids,Spy Kids,2001,93
standing_in_the_shadows_of_motown,Standing in the Shadows of Motown,2002,92
star_trek_11,Star Trek,2009,95
star_wars,Star Wars: Episode IV - A New Hope,1977,94
star_wars_episode_vii_the_force_awakens,Star Wars: Episode VII - The Force Awakens,2015,93
station_agent,The Station Agent,2003,95
steep,Steep,2007,53
step_into_liquid,Step Into Liquid,2003,82
stoked_the_rise_and_fall_of_gator,Stoked: The Rise and Fall of Gator,2003,79
stories_we_tell,Stories We Tell,2013,94
straight_story,The Straight Story,1999,96
strangers_on_a_train,Strangers on a Train,1951,98
sukiyaki_western_django,Sukiyaki Western Django,2008,56
summer_hours,L'Heure d'été (Summer Hours),2009,93
summers_tale,A Summer's Tale,2014,98
sunrise,Sunrise: A Song of Two Humans,1927,98
sunset_boulevard,Sunset Boulevard,1950,98
super_size_me,Super Size Me,2004,93
supercop,Supercop,1992,96
superman_the_movie,Superman,1978,93
surfwise,Surfwise,2007,98
sweeney_todd_the_demon_barber_of_fleet_street_2007,Sweeney Todd: The Demon Barber of Fleet Street,2007,86
sweet_hereafter,The Sweet Hereafter,1997,100
sweet_smell_of_success,Sweet Smell of Success,1957,98
sweetgrass,Sweetgrass,2009,97
talk_to_her,Talk to Her,2002,92
talladega_nights_the_ballad_of_ricky_bobby,Talladega Nights: The Ballad of Ricky Bobby,2006,72
tangerine_2015,Tangerine,2015,96
tangled,Tangled,2010,90
tarzan,Tarzan,1999,88
taxi_driver,Taxi Driver,1976,98
taxi_to_the_dark_side,Taxi to the Dark Side,2007,100
teachers_pet_2004,Teacher's Pet,2004,76
tears_of_the_black_tiger,Fah talai jone (Tears of the Black Tiger),2007,74
tell_them_who_you_are,Tell Them Who You Are,2005,88
ten_canoes,Ten Canoes,2007,98
terminator,The Terminator,1984,100
terminator_2_judgment_day,Terminator 2: Judgment Day,1991,93
that_thing_you_do,That Thing You Do!,1996,93
the-endurance,The Endurance,2001,95
the-evil-dead,The Evil Dead,1981,95
the-fighter,The Fighter,2010,90
the-gold-rush,The Gold Rush,1925,100
the-heart-of-the-game,The Heart of the Game,2005,86
the-loved-ones-2009,The Loved Ones,2012,98
the-passenger-professione-reporter,Professione: reporter (The Passenger),1975,91
the-secret-of-kells,The Secret of Kells,2010,91
the-secret-of-roan-inish,The Secret of Roan Inish,1995,98
the-social-network,The Social Network,2010,96
the-third-man,The Third Man,1949,100
the_act_of_killing,The Act Of Killing,2013,95
the_arbor_2010,The Arbor,2011,96
the_armstrong_lie_2013,The Armstrong Lie,2013,84
the_artist,The Artist,2011,97
the_babadook,The Babadook,2014,98
the_bands_visit,The Band's Visit,2007,98
the_bicycle_thief,The Bicycle Thief,1949,98
the_book_of_life_2014,The Book of Life,2014,81
the_cabin_in_the_woods,The Cabin in the Woods,2012,92
the_class,The Class,2008,95
the_conformist,The Conformist,1970,100
the_conjuring,The Conjuring,2013,86
the_crash_reel_2013,The Crash Reel,2013,96
the_dark_knight,The Dark Knight,2008,94
the_dark_knight_rises,The Dark Knight Rises,2012,87
the_fog_of_war_eleven_lessons_from_the_life_of_robert_s_mcnamara,The Fog of War: Eleven Lessons from the Life of Robert S. McNamara,2003,98
the_gatekeepers_2012,The Gatekeepers,2013,93
the_good_the_bad_and_the_ugly,"The Good, the Bad and the Ugly",1966,97
the_grand_budapest_hotel,The Grand Budapest Hotel,2014,92
the_hateful_eight,The Hateful Eight,2015,74
the_homesman,The Homesman,2014,82
the_host_2007,The Host,2007,92
the_hunger_games_catching_fire,The Hunger Games: Catching Fire,2013,89
the_illusionist-2009,The Illusionist (L'illusionniste),2010,90
the_imitation_game,The Imitation Game,2014,90
the_imposter_2012,The Imposter,2012,95
the_interrupters_2011,The Interrupters,2011,99
the_invisible_war,The Invisible War,2012,98
the_island_president,The Island President,2012,98
the_keeping_room,The Keeping Room,2015,68
the_kid_with_a_bike,The Kid with a Bike,2012,96
the_killer_inside_me,The Killer Inside Me,2010,55
the_last_waltz_2002,The Last Waltz,2002,98
the_lego_movie,The LEGO Movie,2014,96
the_leopard_1963,The Leopard,1963,100
the_life_and_times_of_hank_greenberg,The Life and Times of Hank Greenberg,2000,97
the_lion_king,The Lion King,2011,91
the_little_mermaid_1989,The Little Mermaid,1989,92
the_lone_ranger,The Lone Ranger,2013,31
the_look_of_silence,The Look of Silence,2015,96
the_lord_of_the_rings_the_fellowship_of_the_ring,The Lord of the Rings: The Fellowship of the Ring,2001,91
the_lord_of_the_rings_the_return_of_the_king,The Lord of the Rings: The Return of the King,2003,95
the_lord_of_the_rings_the_two_towers,The Lord of the Rings: The Two Towers,2002,96
the_lunchbox,The Lunchbox,2014,96
the_martian,The Martian,2015,93
the_missing_picture,The Missing Picture,2014,99
the_muppets,The Muppets,2011,96
the_normal_heart,The Normal Heart,2014,94
the_orphanage,The Orphanage,2007,87
the_overnighters,The Overnighters,2014,98
the_peanuts_movie,The Peanuts Movie,2015,86
the_pirates_band_of_misfits,The Pirates! Band of Misfits,2012,86
the_punk_singer_2013,The Punk Singer,2013,88
the_queen_of_versailles,The Queen of Versailles,2012,94
the_rover,The Rover,2014,66
the_rules_of_the_game,The Rules of the Game,1950,98
the_salt_of_the_earth,The Salt of the Earth,2015,95
the_salvation,The Salvation,2015,70
the_sapphires_2012,The Sapphires,2013,91
the_secret_world_of_arrietty,The Secret World of Arrietty,2012,95
the_sessions,The Sessions,2012,93
the_spectacular_now,The Spectacular Now,2013,93
the_story_of_the_weeping_camel,The Story of the Weeping Camel,2004,94
the_tale_of_the_princess_kaguya,The Tale of the Princess Kaguya,2014,100
the_town,The Town,2010,93
the_triplets_of_belleville,The Triplets of Belleville,2003,94
the_wicker_man_1973,The Wicker Man,1973,90
the_wind_rises,The Wind Rises,2014,89
the_wizard_of_oz_1939,The Wizard of Oz,1939,99
the_wrestler,The Wrestler,2008,98
they_live,They Live,1988,83
this_film_is_not_yet_rated,This Film Is Not Yet Rated,2006,84
this_is_not_a_film_2011,This Is Not a Film,2012,98
this_is_spinal_tap,This Is Spinal Tap,1984,95
this_is_the_end,This Is the End,2013,83
three_burials_of_melquiades_estrada,The Three Burials of Melquiades Estrada,2006,85
three_kings,Three Kings,1999,94
threeextremes,Three...Extremes (Saam gaang yi),2005,84
throne_of_blood,Kumonosu Jô (Throne of Blood) (Macbeth),1957,98
timbuktu_2015,Timbuktu,2015,99
time-out-l-emploi-du-temps,Time Out (L' Emploi du temps),2001,96
titanic,Titanic,1997,88
to_be_and_to_have,To Be and to Have (Etre et Avoir),2003,97
to_be_or_not_to_be,To Be or Not to Be,1942,98
to_catch_a_thief,To Catch a Thief,1955,95
todo_sobre_mi_madre_1999,Todo sobre mi madre (All About My Mother),1999,98
tokyo_godfathers,Tokyo Godfathers,2003,91
tokyo_story,Tokyo Story (Tôkyô monogatari),1953,100
tombstone,Tombstone,1993,73
topsyturvy,Topsy-Turvy,1999,89
touching_the_void,Touching the Void,2004,93
town_called_panic,Panique au village (A Town Called Panic),2009,84
toy_story,Toy Story,1995,100
toy_story_2,Toy Story 2,1999,100
toy_story_3,Toy Story 3,2010,99
treasure_of_the_sierra_madre,The Treasure of the Sierra Madre,1948,100
trekkies,Trekkies,1999,86
tristram_shandy_a_cock_and_bull_story,Tristram Shandy: A Cock & Bull Story,2005,90
trouble_the_water,Trouble the Water,2008,96
true-grit-2010,True Grit,2010,96
true_grit,True Grit,1969,90
truman_show,The Truman Show,1998,94
tucker_and_dale_vs_evil,Tucker & Dale vs Evil,2011,84
tupac_resurrection,Tupac: Resurrection,2003,78
twilight_samurai,The Twilight Samurai (Tasogare Seibei),2004,99
two_days_one_night,"Two Days, One Night",2014,97
u2_3d,U2 3D,2007,93
ultimate_x_the_movie,Ultimate X: The Movie,2002,74
undefeated_2012,Undefeated,2012,96
up,Up,2009,98
up_for_grabs,Up for Grabs,2005,92
up_in_the_air_2009,Up in the Air,2009,91
up_the_yangtze,Up the Yangtze,2007,96
venus,Venus,2006,89
vertigo,Vertigo,1958,97
wages_of_fear,The Wages of Fear,1953,100
waitress,Waitress,2007,89
wake_in_fright,Wake in Fright,2012,100
waking_life,Waking Life,2001,80
waking_sleeping_beauty,Waking Sleeping Beauty,2010,71
wall_e,WALL-E,2008,96
wallace_and_gromit_curse_of_the_wererabbit,Wallace & Gromit: The Curse of the Were-Rabbit,2005,95
waltz_with_bashir,Waltz with Bashir,2008,96
war_tapes,The War Tapes,2006,98
waste-land,Waste Land,2010,100
we_are_still_here,We Are Still Here,2015,95
we_are_the_best,We Are the Best!,2014,97
we_are_what_we_are_2013,We Are What We Are,2013,85
we_were_here_voices_from_the_aids_years_in_san_francisco,We Were Here,2011,100
west_of_memphis,West of Memphis,2012,95
west_side_story,West Side Story,1961,94
whale_rider,Whale Rider,2003,90
what-ever-happened-to-baby-jane,What Ever Happened to Baby Jane?,1960,91
what_we_do_in_the_shadows,What We Do In The Shadows,2015,96
whats_love_got_to_do_with_it,What's Love Got To Do With It?,1993,96
when_harry_met_sally,When Harry Met Sally,1989,89
when_marnie_was_there,When Marnie Was There,2015,89
when_we_were_kings,When We Were Kings,1996,98
who_framed_roger_rabbit,Who Framed Roger Rabbit,1988,97
who_killed_the_electric_car,Who Killed the Electric Car?,2006,88
wild_parrots_of_telegraph_hill,The Wild Parrots of Telegraph Hill,2005,95
wild_tales,Wild Tales,2015,95
wild_wild_west,Wild Wild West,1999,17
willow_creek,Willow Creek,2014,86
winged_migration,Winged Migration,2003,96
wings_of_desire,Wings of Desire,1987,98
winnie_the_pooh_2011,Winnie the Pooh,2011,90
with_a_friend_like_harry,With a Friend like Harry...,2001,96
wordplay,Wordplay,2006,95
wreck_it_ralph,Wreck-it Ralph,2012,86
x_men_days_of_future_past,X-Men: Days of Future Past,2014,91
y_tu_mama_tambien,Y Tu Mama Tambien,2001,92
yoo_hoo_mrs_goldberg,"Yoo-hoo, Mrs. Goldberg",2009,93
young_frankenstein,Young Frankenstein,1974,92
youngheart,Young@Heart,2007,88
zombieland,Zombieland,2009,89
